                  epoch,             train/loss,  metrics/accuracy_top1,  metrics/accuracy_top5,               val/loss,                 lr/pg0,                 lr/pg1,                 lr/pg2
                      1,                0.85418,                0.36667,                      1,                0.79038,              4.284e-05,              4.284e-05,              4.284e-05
                      2,                0.83803,                0.46667,                      1,                0.74859,             7.4442e-05,             7.4442e-05,             7.4442e-05
                      3,                0.71862,                0.46667,                      1,                0.72723,             8.6251e-05,             8.6251e-05,             8.6251e-05
                      4,                0.76764,                    0.5,                      1,                0.71757,             7.8269e-05,             7.8269e-05,             7.8269e-05
                      5,                0.69454,                    0.5,                      1,                0.70463,             5.0494e-05,             5.0494e-05,             5.0494e-05
